UserID,Name,Email,PhoneNo,LoginID,Gender,Role,Password,Status,Sem
,Naishal Doshi,21bmiit100@gmail.com,9326163059,202106100110100,M,Student CR,naishald123,true,6
,Jainam Shah,21bmiit079@gmail.com,9574307876,202106100110079,M,Student,jainam112003,true,6
,Heli Mehta,21bmiit099@gmail.com,9016306398,202106100110099,F,Student,heli112003,true,6
,Pranav Chaudari,21bmiit096@gmail.com,9824908909,202106100110096,M,Student,pranav2003,false,6
,Jigna Solanki,jigna.solanki@utu.ac.in,9904599931,jigna.solanki@utu.ac.in,F,Faculty,jignamam,true,15
,Hardik Vyas,hardik.vyas@utu.ac.in,9904599931,hardik.vyas@utu.ac.in,M,Faculty Infra Head,hardiksir,true,15